display_name,email,whatsapp,language,max_guests,plus_one_allowed,group_name,personal_message
Familia Quijada Sanchez,rubenq2008@gmail.com,+584126964502,es,2,FALSE,Family Ruben,"¡Por fin llegó el día, vamos a celebrar juntos!"
Pablo y Rosella,rosellaqq@hotmail.com,+584248029797,es,2,FALSE,Family Ruben,"¡Por fin llegó el día, vamos a celebrar juntos!"
Karolina and Michal,karolina.kudlacova@gmail.com,+421917447881,en,2,FALSE,Friends Vienna Ruben,"Looking forward to celebrating together this amazing day!"
Jonathan y Hieronim,,,es,2,FALSE,Friends Hungary Ruben,"¡Por fin llegó el día, vamos a celebrar juntos!"
Ricardo y Gaby,agabrielagarciah@gmail.com,+436769617423,es,2,FALSE,Friends Hungary Ruben,"Looking forward to celebrating together this amazing day!"
Miguel y Julia,alejandro_sephor@hotmail.com,+4367761017035,es,2,FALSE,Friends Hungary Ruben,"Looking forward to celebrating together this amazing day!"
Romina y Luis,romina_quijada@yahoo.com,+584128619493,es,2,FALSE,Family Ruben,"¡Por fin llegó el día, vamos a celebrar juntos!"
Diego Molina,damolina136@gmail.com,+584224587140,es,1,FALSE,Family Ruben,"¡Por fin llegó el día, vamos a celebrar juntos!"
Pablo y Paola,prmolina98@gmail.com,+4917659890296,es,2,FALSE,Family Ruben,"¡Por fin llegó el día, vamos a celebrar juntos!"
Romel Gonzalez,romel.gonzalez0036@gmail.com,,es,1,FALSE,Family Ruben,"¡Por fin llegó el día, vamos a celebrar juntos!"
Briccio Gonzalez,bricciodgonzalez@gmail.com,,es,1,FALSE,Family Ruben,"¡Por fin llegó el día, vamos a celebrar juntos!"
Luis Silva,austdj1@gmail.com,,es,1,FALSE,Friends Hungary Ruben,"¡Por fin llegó el día, vamos a celebrar juntos!"
Michelle Font,michellechantallf@gmail.com,,es,1,FALSE,Friends Hungary Ruben,"¡Por fin llegó el día, vamos a celebrar juntos!"
Miklos y Valentina,valentinariano98@gmail.com,,es,2,FALSE,Friends Hungary Ruben,"¡Por fin llegó el día, vamos a celebrar juntos!"
Ariadna y Joismer,ariadnavrodriguez95@gmail.com,,es,2,FALSE,Friends Hungary Ruben,"¡Por fin llegó el día, vamos a celebrar juntos!"
Mario y Pedro,marioacr95@gmail.com,,es,2,FALSE,Friends Hungary Ruben,"¡Por fin llegó el día, vamos a celebrar juntos!"
Familia Sánchez Urbáez,bella.mariom@gmail.com,,es,6,FALSE,Family Ruben,"¡Por fin llegó el día, vamos a celebrar juntos!"
Brenda Hernandez,blhc.93@gmail.com,,es,1,TRUE,Friends Hungary Ruben,"¡Por fin llegó el día, vamos a celebrar juntos!"
Alban Thomas,albantarragona@gmail.com,,en,1,FALSE,Friends Hungary Ruben,"Looking forward to celebrating together this amazing day!"
Paula & Gabor,paulavaszeplaki@gmail.com,,en,2,FALSE,Friends Hungary Ruben,"Looking forward to celebrating together this amazing day!"
Monica y Hector,salasmonica623@gmail.com,,es,2,FALSE,Family Ruben,"¡Por fin llegó el día, vamos a celebrar juntos!"
Betania & James,betania_vales@hotmail.com,+34697321139,en,2,FALSE,Friends Hungary Ruben,"¡Por fin llegó el día, vamos a celebrar juntos!"
Ricardo y Katherine,ricardoaqs52@gmail.com,,es,2,TRUE,Family Ruben,"¡Por fin llegó el día, vamos a celebrar juntos!"
Keity Aray,keityaray@gmail.com,,es,1,FALSE,Friends Ruben,"¡Por fin llegó el día, vamos a celebrar juntos!"
Gergő Szabó,szabo.gergo1114@gmail.com,+36308158333,hu,1,FALSE,Friends Hungary Ruben,"Looking forward to celebrating together this amazing day!"
Mariana Salas (Perrina),salassanchezmariana03@gmail.com,,es,1,FALSE,Family Ruben,"¡Por fin llegó el día, vamos a celebrar juntos!"
Rowenna Sanchez,rowennasanchez@gmail.com,,es,1,FALSE,Family Ruben,"¡Por fin llegó el día, vamos a celebrar juntos!"
Zoraida Sanchez,,+584248733511,es,1,FALSE,Family Ruben,"¡Por fin llegó el día, vamos a celebrar juntos!"
Marisol y Mario,,+584247380002,es,2,FALSE,Family Ruben,"¡Por fin llegó el día, vamos a celebrar juntos!"
Ahmed Elshafei,,+201025544782,en,2,FALSE,Friends Hungary Ruben,"Looking forward to celebrating together this amazing day!"
Mama & Papa Müllauer,elisabeth.muellauer@gmail.com,+436601580809,de-AT,2,FALSE,Family Andrea,"Ihr seid herzlich eingeladen mit uns diesen besonderen Tag zu feiern!"
Pia & Siegi,piamuellauer@gmail.com,+436769761370,de-AT,2,FALSE,Family Andrea,"Ihr seid herzlich eingeladen mit uns diesen besonderen Tag zu feiern!"
Lisi & Michi + Beate,elisabeth@ak.co.at,+436648130685,de-AT,2,TRUE,Friends Andrea,"Ihr seid herzlich eingeladen mit uns diesen besonderen Tag zu feiern! P.S. Beate ist auch herzlich eingeladen!"
Kathi & Max,,+4369918185661,de-AT,2,FALSE,Friends Andrea,"Ihr seid herzlich eingeladen mit uns diesen besonderen Tag zu feiern!"
Sheila,,+4369917379391,de-AT,1,TRUE,Friends Andrea,"Ihr seid herzlich eingeladen mit uns diesen besonderen Tag zu feiern!"
Alina,,+436644829203,de-AT,1,TRUE,Friends Andrea,"Ihr seid herzlich eingeladen mit uns diesen besonderen Tag zu feiern!"
Anna P.,,+4369910309475,de-AT,1,TRUE,Friends Andrea,"Du bist herzlich eingeladen mit uns diesen besonderen Tag zu feiern!"
Jacki,,+436910333069,de-AT,1,TRUE,Friends Andrea,"Du bist herzlich eingeladen mit uns diesen besonderen Tag zu feiern!"
Susi,,+436769709313,de-AT,1,TRUE,Friends Andrea,"Du bist herzlich eingeladen mit uns diesen besonderen Tag zu feiern!"
Sarah,,+4917623375843,de-AT,1,FALSE,Friends Andrea,"Du bist herzlich eingeladen mit uns diesen besonderen Tag zu feiern! Ich hoffe, du schaffst es nach Wien zu kommen!"
Georg & Katrin + Franzi & Lily,,+436769354050,de-AT,4,FALSE,Family Andrea,"Ihr seid herzlich eingeladen mit uns diesen besonderen Tag zu feiern!"
Andrea & Ferdinand,,+436767448150,de-AT,2,FALSE,Friends Andrea,"Ihr seid herzlich eingeladen mit uns diesen besonderen Tag zu feiern!"
Babsi,,+4369918139056,de-AT,1,TRUE,Friends Andrea,"Ihr seid herzlich eingeladen mit uns diesen besonderen Tag zu feiern! Gerne mit der ganzen Family - es wird noch ein Baby anwesend sein :-)"
Ven & Oli,,+436701999305,en,2,FALSE,Friends Andrea,"Looking forward to celebrating together this amazing day! We hope to have many more memories together!"
Dana & Milko,,+4367764045170,en,2,FALSE,Friends Andrea,"Looking forward to celebrating together this amazing day! I hope you will also be able to enjoy this day as a guest!"
Lara,,+436764605436,de-AT,1,TRUE,Friends Andrea,"Du bist herzlich eingeladen mit uns diesen besonderen Tag zu feiern! Auch wenn wir uns schon länger nicht gesehen haben, warst du am Anfang unserer Geschichte dabei und ich würde mich sehr freuen, dich bei der Hochzeit dabei zu haben."
